,k,lhaf_exact,prob_exact,lhaf_k_approx,prob_k_approx,prob_error,exact_time,k_time
0,0,1.0,0.9060311969141729,(1+0j),0.9060311969141729,0.0,2.86102294921875e-06,1.4543533325195312e-05
