,k,lhaf_exact,prob_exact,lhaf_k_approx,prob_k_approx,prob_error,exact_time,k_time
0,0,1.0,0.035840327974183815,(1+0j),0.035840327974183815,0.0,6.4373016357421875e-06,2.8848648071289062e-05
