,k,lhaf_exact,prob_exact,lhaf_k_approx,prob_k_approx,prob_error,exact_time,k_time
0,0,1.0,0.336660074112112,(1+0j),0.336660074112112,0.0,6.198883056640625e-06,2.7894973754882812e-05
