,iteration,sample,time
0,0,[8 5 8],0.0
1,1,[5 8 9],0.01562047004699707
2,2,[ 0  6 10],0.0
3,3,[0 6 5],0.015620946884155273
4,4,[6 3 9],0.0
5,5,[1 6 8],0.015621662139892578
6,6,[5 5 7],0.0
