,k,lhaf_exact,prob_exact,lhaf_k_approx,prob_k_approx,prob_error,exact_time,k_time
0,0,(0.00045441113951193455-4.810468972395038e-18j),0.0004117106686231313,(0.00045441113951193455+0j),0.0004117106686231313,0.0,0.00011205673217773438,2.09808349609375e-05
1,1,(0.00045441113951193455-4.810468972395038e-18j),0.0004117106686231313,(0.00045441113951193455-4.810468972395038e-18j),0.0004117106686231313,0.0,0.00011205673217773438,0.0002646446228027344
