,k,lhaf_exact,prob_exact,lhaf_k_approx,prob_k_approx,prob_error,exact_time,k_time
0,0,(260.4396595080548-6.468781066359952e-10j),8.137179001859931e-08,(0.45179982732500457-9.992007221626409e-16j),1.411603776052114e-10,8.12306296409941e-08,0.19208312034606934,0.0
1,1,(260.4396595080548-6.468781066359952e-10j),8.137179001859931e-08,(-0.1461027741067356+1.1275702593849246e-15j),-4.5648363533436625e-11,8.141743838213274e-08,0.19208312034606934,0.041387081146240234
2,2,(260.4396595080548-6.468781066359952e-10j),8.137179001859931e-08,(3.9461605338216597+1.91027749174566e-13j),1.2329387426798138e-09,8.013885127591949e-08,0.19208312034606934,3.3486859798431396
3,3,(260.4396595080548-6.468781066359952e-10j),8.137179001859931e-08,(1.9515447033073767+4.33933444732304e-12j),6.097407979621714e-10,8.076204922063714e-08,0.19208312034606934,138.22279262542725
